zeta,Ahat,Ahat_error,z,area_mean,area_std,n_samples,source_label,notes
0.0,1.0,0.0010270905814678615,0.0,0.13522556160652943,0.00013888890069976845,1,SprayGeo synthetic ellipse metrics,SprayGeo geometry metric overlay; use Ideal Momentum Jet Explorer CSV import.
0.7229975048702713,1.2891839351465626,0.003494568934737217,0.3,0.17433062164430954,0.00047255504677257143,1,SprayGeo synthetic ellipse metrics,SprayGeo geometry metric overlay; use Ideal Momentum Jet Explorer CSV import.
1.4459950097405425,1.6332089811185937,0.003944759118652369,0.6,0.22085160169258955,0.0005334322672222447,1,SprayGeo synthetic ellipse metrics,SprayGeo geometry metric overlay; use Ideal Momentum Jet Explorer CSV import.
2.1689925146108138,2.0015830034203748,0.004589071500679222,0.8999999999999999,0.2706651857396041,0.0006205597709318666,1,SprayGeo synthetic ellipse metrics,SprayGeo geometry metric overlay; use Ideal Momentum Jet Explorer CSV import.
2.891990019481085,2.4365084387871963,0.005416606757217838,1.2,0.32947822199404686,0.0007324636907465043,1,SprayGeo synthetic ellipse metrics,SprayGeo geometry metric overlay; use Ideal Momentum Jet Explorer CSV import.
3.6149875243513563,2.9031966377555998,0.004266962011113694,1.5,0.39258639579468896,0.0005770023343065755,1,SprayGeo synthetic ellipse metrics,SprayGeo geometry metric overlay; use Ideal Momentum Jet Explorer CSV import.
4.3379850292216275,3.3976333180505467,0.006002596806249392,1.7999999999999998,0.4594468735664412,0.000811704524222634,1,SprayGeo synthetic ellipse metrics,SprayGeo geometry metric overlay; use Ideal Momentum Jet Explorer CSV import.
5.0609825340919,3.9500728498564635,0.010514039541685238,2.1,0.5341508195085445,0.0014217669017776435,1,SprayGeo synthetic ellipse metrics,SprayGeo geometry metric overlay; use Ideal Momentum Jet Explorer CSV import.
5.78398003896217,4.525778605954247,0.010858714816397804,2.4,0.6120009536969788,0.0014683758093725352,1,SprayGeo synthetic ellipse metrics,SprayGeo geometry metric overlay; use Ideal Momentum Jet Explorer CSV import.
6.506977543832441,5.125999032666522,0.009565448666964868,2.6999999999999997,0.693166097986857,0.0012934931680087525,1,SprayGeo synthetic ellipse metrics,SprayGeo geometry metric overlay; use Ideal Momentum Jet Explorer CSV import.
7.229975048702713,5.724807514701005,0.008564911601610792,3.0,0.7741403112647234,0.0011581949814380987,1,SprayGeo synthetic ellipse metrics,SprayGeo geometry metric overlay; use Ideal Momentum Jet Explorer CSV import.
7.952972553572984,6.3426843556943,0.008262437791332376,3.3,0.85769305409171,0.0011172927905719332,1,SprayGeo synthetic ellipse metrics,SprayGeo geometry metric overlay; use Ideal Momentum Jet Explorer CSV import.
8.675970058443255,6.952694232835697,0.018624883983724676,3.5999999999999996,0.9401819823136854,0.0025185603965556247,1,SprayGeo synthetic ellipse metrics,SprayGeo geometry metric overlay; use Ideal Momentum Jet Explorer CSV import.
9.398967563313526,7.602215349099578,0.015660575872517825,3.9,1.0280138400357686,0.0021177101674428878,1,SprayGeo synthetic ellipse metrics,SprayGeo geometry metric overlay; use Ideal Momentum Jet Explorer CSV import.
10.1219650681838,8.164032480740431,0.019179657920934713,4.2,1.1039858771820725,0.0025935800137795173,1,SprayGeo synthetic ellipse metrics,SprayGeo geometry metric overlay; use Ideal Momentum Jet Explorer CSV import.
10.844962573054069,8.743052743328272,0.018221543429696178,4.5,1.1822842173720733,0.002464018443618432,1,SprayGeo synthetic ellipse metrics,SprayGeo geometry metric overlay; use Ideal Momentum Jet Explorer CSV import.
11.56796007792434,9.282598879099329,0.013426985595955534,4.8,1.2552446465943472,0.0018156716678958684,1,SprayGeo synthetic ellipse metrics,SprayGeo geometry metric overlay; use Ideal Momentum Jet Explorer CSV import.
12.290957582794611,9.792440082588868,0.02374655024296306,5.1,1.324188209666369,0.003211140592822348,1,SprayGeo synthetic ellipse metrics,SprayGeo geometry metric overlay; use Ideal Momentum Jet Explorer CSV import.
13.013955087664883,10.216393853931148,0.018783065700717645,5.3999999999999995,1.381517596491335,0.0025399506080718837,1,SprayGeo synthetic ellipse metrics,SprayGeo geometry metric overlay; use Ideal Momentum Jet Explorer CSV import.
13.736952592535156,10.621750516241192,0.01859083557731237,5.7,1.436332178803159,0.002513956181676713,1,SprayGeo synthetic ellipse metrics,SprayGeo geometry metric overlay; use Ideal Momentum Jet Explorer CSV import.
14.459950097405425,10.98505904722109,0.02400560222044537,6.0,1.4854607789413592,0.0032461710419626755,1,SprayGeo synthetic ellipse metrics,SprayGeo geometry metric overlay; use Ideal Momentum Jet Explorer CSV import.
15.182947602275696,11.28291938685783,0.02367294582523754,6.3,1.5257391106490488,0.0032011873940986924,1,SprayGeo synthetic ellipse metrics,SprayGeo geometry metric overlay; use Ideal Momentum Jet Explorer CSV import.
15.905945107145968,11.564618629416248,0.01935381987795568,6.6,1.5638320489281448,0.00261713116222817,1,SprayGeo synthetic ellipse metrics,SprayGeo geometry metric overlay; use Ideal Momentum Jet Explorer CSV import.
16.62894261201624,11.804345983708146,0.026668905195582748,6.8999999999999995,1.5962493150447141,0.0036063176825039678,1,SprayGeo synthetic ellipse metrics,SprayGeo geometry metric overlay; use Ideal Momentum Jet Explorer CSV import.
17.35194011688651,11.990522815439741,0.02884457062785532,7.199999999999999,1.6214251816737435,0.003900523262450939,1,SprayGeo synthetic ellipse metrics,SprayGeo geometry metric overlay; use Ideal Momentum Jet Explorer CSV import.
18.07493762175678,12.169545492654596,0.028691817669729676,7.5,1.6456336237404265,0.00387986715790134,1,SprayGeo synthetic ellipse metrics,SprayGeo geometry metric overlay; use Ideal Momentum Jet Explorer CSV import.
18.797935126627053,12.206758514055952,0.024762126406727855,7.8,1.6506657754585008,0.0033484724499216467,1,SprayGeo synthetic ellipse metrics,SprayGeo geometry metric overlay; use Ideal Momentum Jet Explorer CSV import.
19.520932631497324,12.328348247172917,0.02706599474066247,8.1,1.6671078154048304,0.0036600143392454543,1,SprayGeo synthetic ellipse metrics,SprayGeo geometry metric overlay; use Ideal Momentum Jet Explorer CSV import.
20.2439301363676,12.380944260288201,0.020586848096859643,8.4,1.674220140816609,0.0027838680956061568,1,SprayGeo synthetic ellipse metrics,SprayGeo geometry metric overlay; use Ideal Momentum Jet Explorer CSV import.
20.966927641237866,12.385120194611359,0.02763745491451228,8.7,1.67478483388069,0.00373729036219006,1,SprayGeo synthetic ellipse metrics,SprayGeo geometry metric overlay; use Ideal Momentum Jet Explorer CSV import.
21.689925146108138,12.45061098980062,0.022769985554200487,9.0,1.683640863440216,0.003079084084339323,1,SprayGeo synthetic ellipse metrics,SprayGeo geometry metric overlay; use Ideal Momentum Jet Explorer CSV import.
22.41292265097841,12.544486193722582,0.027452577632821752,9.299999999999999,1.696335190611491,0.0037122902279451697,1,SprayGeo synthetic ellipse metrics,SprayGeo geometry metric overlay; use Ideal Momentum Jet Explorer CSV import.
23.13592015584868,12.535312530670113,0.02709578743907539,9.6,1.6950946768732318,0.0036640430736201157,1,SprayGeo synthetic ellipse metrics,SprayGeo geometry metric overlay; use Ideal Momentum Jet Explorer CSV import.
23.858917660718955,12.581462089457657,0.027677284391033723,9.9,1.7013352768781709,0.003742676325521166,1,SprayGeo synthetic ellipse metrics,SprayGeo geometry metric overlay; use Ideal Momentum Jet Explorer CSV import.
24.581915165589223,12.694750180901842,0.033780864089212555,10.2,1.7166547226670428,0.00456803631801761,1,SprayGeo synthetic ellipse metrics,SprayGeo geometry metric overlay; use Ideal Momentum Jet Explorer CSV import.
25.304912670459494,12.810128818240978,0.025333037028618013,10.5,1.7322568636986233,0.0034256741593938766,1,SprayGeo synthetic ellipse metrics,SprayGeo geometry metric overlay; use Ideal Momentum Jet Explorer CSV import.
26.027910175329765,12.9320730084082,0.03005519726447577,10.799999999999999,1.7487468352986393,0.004064230929283763,1,SprayGeo synthetic ellipse metrics,SprayGeo geometry metric overlay; use Ideal Momentum Jet Explorer CSV import.
26.750907680200037,13.1045538385964,0.02040679200356494,11.1,1.7720706524271994,0.002759519909269703,1,SprayGeo synthetic ellipse metrics,SprayGeo geometry metric overlay; use Ideal Momentum Jet Explorer CSV import.
27.47390518507031,13.300025879513655,0.03126996274638469,11.4,1.7985034689386095,0.004228498273795123,1,SprayGeo synthetic ellipse metrics,SprayGeo geometry metric overlay; use Ideal Momentum Jet Explorer CSV import.
28.19690268994058,13.56590060629967,0.02585558904473047,11.7,1.834456528185231,0.003496336549241308,1,SprayGeo synthetic ellipse metrics,SprayGeo geometry metric overlay; use Ideal Momentum Jet Explorer CSV import.
28.91990019481085,13.900672619730026,0.017065304967987145,12.0,1.8797262617114994,0.0023076654482827585,1,SprayGeo synthetic ellipse metrics,SprayGeo geometry metric overlay; use Ideal Momentum Jet Explorer CSV import.
